{
  "scores": [],
  "thresholds": {
    "0.05": {
      "default": 0.9987199471000272
    }
  },
  "fpr": {
    "0.05": {
      "default": 0.04955059523809524
    }
  }
}