{
  "scores": [],
  "thresholds": {
    "0.05": {
      "default": 0.9973189234738062
    }
  },
  "fpr": {
    "0.05": {
      "default": 0.01822172619047624
    }
  }
}