{
  "_autogen_note": "This file is automatically generated by the RAID leaderboard submission script. Do not edit this file manually or include it in new submissions' PRs.",
  "_submission_hash": "69cb4a8f459ef6febbd9d85f6850603acec1f77340f75bb20c054c0ac851f45b",
  "_results_hash": "13cb5db488afd1774b033f556d7efe3879d0197e7413594804e1a1fb7749452e",
  "date_released": "2026-04-09",
  "detector_name": "NovaBane",
  "contact_info": "peige1994@foxmail.com",
  "website": "",
  "paper_link": "",
  "huggingface_link": "",
  "github_link": "",
  "additional_metadata": null,
  "score_agg": {
    "all": {
      "_note": "No aggregate score across all settings is reported here as some domains/generator models/decoding strategies/repetition penalties/adversarial attacks were not included in the submission. This submission will not appear in the main leaderboard; it will only be visible within the splits in which all samples were evaluated."
    },
    "no_adversarial": {
      "_note": "No aggregate score across all non-adversarial settings is reported here as some domains/generator models/decoding strategies/repetition penalties were not included in the submission."
    }
  },
  "scores": [],
  "thresholds": {
    "0.05": {
      "abstracts": 0.999999999897752,
      "books": 0.9999999999948652,
      "news": 0.9999999999207678,
      "poetry": 0.9999999999510738,
      "recipes": 5.74506436201716e-07,
      "reddit": 0.9999999998975975,
      "reviews": 0.9999999999001192,
      "wiki": 0.9999999999944644
    },
    "0.01": {
      "abstracts": 0.999999999897752,
      "books": 0.9999999999948652,
      "news": 0.9999999999207678,
      "poetry": 0.9999999999510738,
      "recipes": 0.999999999996823,
      "reddit": 0.9999999998975975,
      "reviews": 0.9999999999001192,
      "wiki": 0.9999999999944644
    }
  },
  "fpr": {
    "0.05": {
      "abstracts": 0.14,
      "books": 0.16000000000000003,
      "news": 0.11499999999999999,
      "poetry": 0.08499999999999996,
      "recipes": 0.050000000000000044,
      "reddit": 0.09499999999999997,
      "reviews": 0.06000000000000005,
      "wiki": 0.15000000000000002
    },
    "0.01": {
      "abstracts": 0.14,
      "books": 0.16000000000000003,
      "news": 0.11499999999999999,
      "poetry": 0.08499999999999996,
      "recipes": 0.025000000000000022,
      "reddit": 0.09499999999999997,
      "reviews": 0.06000000000000005,
      "wiki": 0.15000000000000002
    }
  }
}