{
  "_autogen_note": "This file is automatically generated by the RAID leaderboard submission script. Do not edit this file manually or include it in new submissions' PRs.",
  "_submission_hash": "0a547803f913149569e64b01b68bb33ab8275db651d44da2393ebbeafe07695d",
  "_results_hash": "1d3724416ffbf7a4893b434ef99874658c330a3799077f98163ca4bc8ea1795a",
  "date_released": "2024-10-17",
  "detector_name": "DistilBERT-NITS",
  "contact_info": "Email Address: saitejelekkala05@gmail.com",
  "website": null,
  "paper_link": null,
  "huggingface_link": null,
  "github_link": null,
  "additional_metadata": null,
  "score_agg": {
    "all": {
      "_note": "No aggregate score across all settings is reported here as some domains/generator models/decoding strategies/repetition penalties/adversarial attacks were not included in the submission. This submission will not appear in the main leaderboard; it will only be visible within the splits in which all samples were evaluated."
    },
    "no_adversarial": {
      "_note": "No aggregate score across all non-adversarial settings is reported here as some domains/generator models/decoding strategies/repetition penalties were not included in the submission."
    }
  },
  "scores": [],
  "thresholds": {
    "0.05": {
      "abstracts": 0.9271492360530003,
      "books": 0.9537713590299997,
      "news": 0.9203411224479996,
      "poetry": 0.9364931407575003,
      "recipes": 0.8721970213945007,
      "reddit": 0.9477020563180001,
      "reviews": 0.9836407898370001,
      "wiki": 0.9446604554340001
    },
    "0.01": {
      "abstracts": 0.9876961110530003,
      "books": 0.9889276090299997,
      "news": 0.9689251068229996,
      "poetry": 0.9677431407575003,
      "recipes": 0.9034470213945007,
      "reddit": 0.9789520563180001,
      "reviews": 0.9914532898370001,
      "wiki": 0.9739573304340001
    }
  },
  "fpr": {
    "0.05": {
      "abstracts": 0.050000000000000044,
      "books": 0.050000000000000044,
      "news": 0.050000000000000044,
      "poetry": 0.050000000000000044,
      "recipes": 0.050000000000000044,
      "reddit": 0.050000000000000044,
      "reviews": 0.050000000000000044,
      "wiki": 0.050000000000000044
    },
    "0.01": {
      "abstracts": 0.010000000000000009,
      "books": 0.010000000000000009,
      "news": 0.010000000000000009,
      "poetry": 0.010000000000000009,
      "recipes": 0.010000000000000009,
      "reddit": 0.010000000000000009,
      "reviews": 0.010000000000000009,
      "wiki": 0.010000000000000009
    }
  }
}